inc,evalue,bitscore,bias,mdl,cm_start,cm_end,mdl_alntype,seq_start,seq_end,strand,seq_alntype,acc,gc,trunc,seq,cm,alignment,uid
True,4.1e-19,87.6,0.0,cm,1,101,[],227,323,+,..,0.99,0.48,False,LAMV_FJ606789.2,all_dISFVG.3SLe,"                                     v                                         v                     
<<<<_______>>>>---<<<<-<<<<-<<<<<-<<-<<<<<<<<<<-<<<<_______>>>>------->>>>>>>>>>--->>->>>>>->>>>->>>>
CcGGGAAuAGACCgGAGauacgcucuguuUcuucacCacccAcccgcacGGCACAGaaCGCCgaaAgaAugcgggUggguuauguuaagAaAcagaacgua
::GGGAA AGACC::AG+UAC:C::UG+UU:::C:CC CC:A:C::CACGGCACAG ACGCCGAAA AA G::G:U:GG    G:U:::AAACA::A:GUA
UUGGGAA-AGACCAGAGGUACUCGUUGAUUCACCGCCACCAAACUACACGGCACAGCACGCCGAAA-AAGGUAGUUUGGAG--GUUGUAAAACAGCAAGUA
*****77.*******************************************************998.99***********9..******************",all_dISFVG.3SL:LAMV_FJ606789.2:1
True,6.9e-19,86.6,0.0,cm,1,101,[],345,448,+,..,1.0,0.39,False,NHUV_NC_024017.1,all_dISFVG.3SLa,"                                                   v             v                                      
<<<<_______>>>>---<<<<-<<<<-<<<<<-<<..-<<<<<<<<<<-.<<<<_______>>>>------->>>>>>>>>>--->>->>>>>->>>>->>>>
CcGGGAAuAGACCgGAGauacgcucuguuUcuucac..CacccAcccgca.cGGCACAGaaCGCCgaaAgaAugcgggUggguuauguuaagAaAcagaacgua
::GGGAA AGACC::AGAUA:G+U U: UU::UCA:  C: :CA:C:GC   GGCACAGA+CGCC +AAGA +GC:G:UG: :UA :UUA::AAA:A AAC:UA
UUGGGAAGAGACCAGAGAUAUGAUGUUGUUUGUCAAugCUGACAACAGCCaUGGCACAGAGCGCCUGAAGAGAGCUGUUGUUAUAAUUUACAAAAAAUAACAUA
**************************************************9*****************************************************",all_dISFVG.3SL:NHUV_NC_024017.1:2
True,3.6e-18,83.5,0.0,cm,1,101,[],227,323,+,..,0.99,0.52,False,CHAOV_JQ308185.1,all_dISFVG.3SL,"                        v            v                                         v              v      
<<<<_______>>>>---<<<<-<<<<-<<<<<-<<-<<<<<<<<<<-<<<<_______>>>>------->>>>>>>>>>--->>->>>>>->>>>->>>>
CcGGGAAuAGACCgGAGauacgcucuguuUcuucacCacccAcccgcacGGCACAGaaCGCCgaaAgaAugcgggUggguuauguuaagAaAcagaacgua
::GGGAA AGACC::AG+UAC:C: UG+UU:::C:CC CC:::C::CACGGCACAG +CGCCG+AA AA G::G:::GG    G:U:::AAACA :A:GUA
UUGGGAA-AGACCAGAGGUACUCGCUGAUUCACCGCCACCAGACUACACGGCACAGCGCGCCGGAA-AAGGUAGUUUGGAG--GUUGUAAAACAACAAGUA
*****77.*******************************************************999.999**********9..******************",all_dISFVG.3SL:CHAOV_JQ308185.1:3
True,3.6e-18,83.5,0.0,cm,1,101,[],227,323,+,..,0.99,0.52,False,CHAOV_NC_017086.1,all_dISFVG.3SLb,"                        v            v                                         v              v      
<<<<_______>>>>---<<<<-<<<<-<<<<<-<<-<<<<<<<<<<-<<<<_______>>>>------->>>>>>>>>>--->>->>>>>->>>>->>>>
CcGGGAAuAGACCgGAGauacgcucuguuUcuucacCacccAcccgcacGGCACAGaaCGCCgaaAgaAugcgggUggguuauguuaagAaAcagaacgua
::GGGAA AGACC::AG+UAC:C: UG+UU:::C:CC CC:::C::CACGGCACAG +CGCCG+AA AA G::G:::GG    G:U:::AAACA :A:GUA
UUGGGAA-AGACCAGAGGUACUCGCUGAUUCACCGCCACCAGACUACACGGCACAGCGCGCCGGAA-AAGGUAGUUUGGAG--GUUGUAAAACAACAAGUA
*****77.*******************************************************999.999**********9..******************",all_dISFVG.3SL:CHAOV_NC_017086.1:4
True,4.9e-18,82.9,0.0,cm,1,101,[],214,313,+,..,0.99,0.47,False,EPEV_NC_027999.1,all_dISFVG.3SL," v           v         v                                                                         v     
<<<<_______>>>>---<<<<-<<<<-<<<<<-<<..-<<<<<<<<<<-<<<<_______>>>>------->>>>>>>>>>--->>->>>>>->>>>->>>>
CcGGGAAuAGACCgGAGauacgcucuguuUcuucac..CacccAcccgcacGGCACAGaaCGCCgaaAgaAugcgggUggguuauguuaagAaAcagaacgua
C GGGAA+AGACC GAGA:AC:  :UG UU::UC:C  CA:CCACC::: :GGCACAG A+GCC:+AA+ A :::GGUGG:U AUG: A::AAACA:  :GU:
CAGGGAAAAGACCGGAGAAACUUCUUGCUUACUCGCagCAACCACCGAA-AGGCACAGUAUGCCUGAAACA-UUCGGUGGUUGAUGU-AGUAAACAACCAGUU
************************************************9.*********************.8*************9.***************",all_dISFVG.3SL:EPEV_NC_027999.1:5
True,4.9e-18,82.9,0.0,cm,1,101,[],214,313,+,..,0.99,0.47,False,EPEV_KJ152564.1,all_dISFVG.3SL," v           v         v                                                                         v     
<<<<_______>>>>---<<<<-<<<<-<<<<<-<<..-<<<<<<<<<<-<<<<_______>>>>------->>>>>>>>>>--->>->>>>>->>>>->>>>
CcGGGAAuAGACCgGAGauacgcucuguuUcuucac..CacccAcccgcacGGCACAGaaCGCCgaaAgaAugcgggUggguuauguuaagAaAcagaacgua
C GGGAA+AGACC GAGA:AC:  :UG UU::UC:C  CA:CCACC::: :GGCACAG A+GCC:+AA+ A :::GGUGG:U AUG: A::AAACA:  :GU:
CAGGGAAAAGACCGGAGAAACUUCUUGCUUACUCGCagCAACCACCGAA-AGGCACAGUAUGCCUGAAACA-UUCGGUGGUUGAUGU-AGUAAACAACCAGUU
************************************************9.*********************.8*************9.***************",all_dISFVG.3SL:EPEV_KJ152564.1:6
True,1.3e-17,81.1,0.0,cm,1,101,[],244,341,+,..,0.99,0.41,False,DONV_JQ086551.1,all_dISFVG.3SL,"                        v         v           v                        v             v         v      
<<<<_______>>>>---<<<<-<<<<-<<<<<-<<-<<<<<<<<<<-.<<<<_______>>>>------->>>>>>>>>>--->>->>>>>->>>>->>>>
CcGGGAAuAGACCgGAGauacgcucuguuUcuucacCacccAcccgca.cGGCACAGaaCGCCgaaAgaAugcgggUggguuauguuaagAaAcagaacgua
C::GGAA AGAC::GA +::::CU UG UU:UUC :CAC::AC:C: A :GGCACAGA+CGCC:+AAGAA+ :G:GU::GU+  :  AA:AAACA AA::::
CUAGGAA-AGACUGGA-GAUACCUUUGGUUCUUCGACACUAACUCCUAaUGGCACAGAGCGCCAUAAGAAACGGAGUUAGUA--UGGAAAAAACAUAAGUAU
*****77.********.8****************************************************************..******************",all_dISFVG.3SL:DONV_JQ086551.1:7
True,1.3e-17,81.1,0.0,cm,1,101,[],244,341,+,..,0.99,0.41,False,DONV_NC_016997.1,all_dISFVG.3SL,"                        v         v           v                        v             v         v      
<<<<_______>>>>---<<<<-<<<<-<<<<<-<<-<<<<<<<<<<-.<<<<_______>>>>------->>>>>>>>>>--->>->>>>>->>>>->>>>
CcGGGAAuAGACCgGAGauacgcucuguuUcuucacCacccAcccgca.cGGCACAGaaCGCCgaaAgaAugcgggUggguuauguuaagAaAcagaacgua
C::GGAA AGAC::GA +::::CU UG UU:UUC :CAC::AC:C: A :GGCACAGA+CGCC:+AAGAA+ :G:GU::GU+  :  AA:AAACA AA::::
CUAGGAA-AGACUGGA-GAUACCUUUGGUUCUUCGACACUAACUCCUAaUGGCACAGAGCGCCAUAAGAAACGGAGUUAGUA--UGGAAAAAACAUAAGUAU
*****77.********.8****************************************************************..******************",all_dISFVG.3SL:DONV_NC_016997.1:8
True,6.8e-17,78.0,0.0,cm,1,101,[],274,371,+,..,0.99,0.43,False,MMV_MF139576.1,all_dISFVG.3SL,"                        v         v           v                        v             v         v      
<<<<_______>>>>---<<<<-<<<<-<<<<<-<<-<<<<<<<<<<-.<<<<_______>>>>------->>>>>>>>>>--->>->>>>>->>>>->>>>
CcGGGAAuAGACCgGAGauacgcucuguuUcuucacCacccAcccgca.cGGCACAGaaCGCCgaaAgaAugcgggUggguuauguuaagAaAcagaacgua
C::GGAA AGAC::GA +::::CU UG UU:UUC :CA:::AC:C: A CGGCACAGA+CGCCG+  GAA+ :G:GU:::U+  :  AA:AAACA AA::::
CUAGGAA-AGACUGGA-GAUACCUUUGGUUCUUCGACAUUAACUCCAAuCGGCACAGAGCGCCGUGGGAAACGGAGUUAAUA--UGGAAAAAACAUAAGUAU
*****77.********.8****************************************************************..******************",all_dISFVG.3SL:MMV_MF139576.1:9
True,5.5e-14,65.5,0.0,cm,1,101,[],294,393,+,..,0.99,0.42,False,NANV_MF139575.1,all_dISFVG.3SLc," v           v    v     v v     v v                                                   v v     v v     v
<<<<_______>>>>---<<<<-<<<<-<<<<<-<<..-<<<<<<<<<<-<<<<_______>>>>------->>>>>>>>>>--->>->>>>>->>>>->>>>
CcGGGAAuAGACCgGAGauacgcucuguuUcuucac..CacccAcccgcacGGCACAGaaCGCCgaaAgaAugcgggUggguuauguuaagAaAcagaacgua
C GGG AUAGACC GAGA A::C: : U:UCU   C   A::CA:C::C ::GCACAGA+CGC::  AGAA G::G:UG::U  UG   AGA:A : : ::U 
CAGGG-AUAGACCGGAGAAAUACACAAUUUCUGGGCacUAAACAACUAC-AAGCACAGAGCGCUUCGAGAA-GUAGUUGUUUCUUGACGAGAGAAUAUGUAUA
*****.99*****************************9***********.******************999.*******************************",all_dISFVG.3SL:NANV_MF139575.1:10
True,5.5e-14,65.5,0.0,cm,1,101,[],294,393,+,..,0.99,0.42,False,NANV_NC_040610.1,all_dISFVG.3SL," v           v    v     v v     v v                                                   v v     v v     v
<<<<_______>>>>---<<<<-<<<<-<<<<<-<<..-<<<<<<<<<<-<<<<_______>>>>------->>>>>>>>>>--->>->>>>>->>>>->>>>
CcGGGAAuAGACCgGAGauacgcucuguuUcuucac..CacccAcccgcacGGCACAGaaCGCCgaaAgaAugcgggUggguuauguuaagAaAcagaacgua
C GGG AUAGACC GAGA A::C: : U:UCU   C   A::CA:C::C ::GCACAGA+CGC::  AGAA G::G:UG::U  UG   AGA:A : : ::U 
CAGGG-AUAGACCGGAGAAAUACACAAUUUCUGGGCacUAAACAACUAC-AAGCACAGAGCGCUUCGAGAA-GUAGUUGUUUCUUGACGAGAGAAUAUGUAUA
*****.99*****************************9***********.******************999.*******************************",all_dISFVG.3SL:NANV_NC_040610.1:11
True,0.00041,23.0,0.0,cm,16,101,~],232,316,-,~.,0.76,0.45,5',EPEV_NC_027999.1,all_dISFVG.3SL,"             v          vv             v  v       v  v                    vv          v     
~~~~~---<<<<-<<<<-<<<<<-<<.-<<<<<<<<<<-<<<<_______>>>>------->>>>>>>>>>--->>->>>>>->>>>->>>>
<[4]*AGauacgcucuguuUcuucac.CacccAcccgcacGGCACAGaaCGCCgaaAgaAugcgggUggguuauguuaagAaAcagaacgua
     AGA:AC:  :UGUUU::U    CA:CCACC:::+ G   CAG     C++     U:::GGUGG:U  U   A::AA CA: A:GU:
<[0]*AGAAACUGGUUGUUUACUACAuCAACCACCGAAU-GUUUCAGGCAUACUGUGCC-UUUCGGUGGUUGCUGCGAGUAAGCAAGAAGUU
.....******************6555888888888884.4455555544444444433.47888888888877778***************",all_dISFVG.3SL:EPEV_NC_027999.1:12
True,0.00041,23.0,0.0,cm,16,101,~],232,316,-,~.,0.76,0.45,5',EPEV_KJ152564.1,all_dISFVG.3SL,"             v          vv             v  v       v  v                    vv          v     
~~~~~---<<<<-<<<<-<<<<<-<<.-<<<<<<<<<<-<<<<_______>>>>------->>>>>>>>>>--->>->>>>>->>>>->>>>
<[4]*AGauacgcucuguuUcuucac.CacccAcccgcacGGCACAGaaCGCCgaaAgaAugcgggUggguuauguuaagAaAcagaacgua
     AGA:AC:  :UGUUU::U    CA:CCACC:::+ G   CAG     C++     U:::GGUGG:U  U   A::AA CA: A:GU:
<[0]*AGAAACUGGUUGUUUACUACAuCAACCACCGAAU-GUUUCAGGCAUACUGUGCC-UUUCGGUGGUUGCUGCGAGUAAGCAAGAAGUU
.....******************6555888888888884.4455555544444444433.47888888888877778***************",all_dISFVG.3SLd:EPEV_KJ152564.1:13
True,0.0063,17.9,0.0,cm,16,101,~],244,326,-,~.,0.94,0.51,5',CHAOV_JQ308185.1,all_dISFVG.3SL,"                        v  v   v                  v   v    v                
~~~~~---<<<<-<<<<-<<<<<-<<-<<<<<<<<<<-~~~~~~->>>>>>>>>>--->>->>>>>->>>>->>>>
<[4]*AGauacgcucuguuUcuucacCacccAcccgca*[21]*ugcgggUggguuauguuaagAaAcagaacgua
     AGAUAC: ::UGUUU ::  CC CC: :C::C       UG::G: :GG    G  :: AA CA:: :GUA
<[0]*AGAUACUUGUUGUUUUACAACCUCCAAACUACC*[20]*UGUAGUCUGGUG--GCGGUGAAUCAGCGAGUA
.....*******************************96...9..59*******999..99****************",all_dISFVG.3SL:CHAOV_JQ308185.1:14
True,0.0063,17.9,0.0,cm,16,101,~],244,326,-,~.,0.94,0.51,5',CHAOV_NC_017086.1,all_dISFVG.3SL,"                        v  v   v                  v   v    v                
~~~~~---<<<<-<<<<-<<<<<-<<-<<<<<<<<<<-~~~~~~->>>>>>>>>>--->>->>>>>->>>>->>>>
<[4]*AGauacgcucuguuUcuucacCacccAcccgca*[21]*ugcgggUggguuauguuaagAaAcagaacgua
     AGAUAC: ::UGUUU ::  CC CC: :C::C       UG::G: :GG    G  :: AA CA:: :GUA
<[0]*AGAUACUUGUUGUUUUACAACCUCCAAACUACC*[20]*UGUAGUCUGGUG--GCGGUGAAUCAGCGAGUA
.....*******************************96...9..59*******999..99****************",all_dISFVG.3SL:CHAOV_NC_017086.1:15
