rank,inc,evalue,bitscore,bias,mdl,cm_start,cm_end,mdl_alntype,seq_start,seq_end,strand,seq_alntype,acc,gc,trunc,seq,cm,alignment,uid,identity
1,True,5.2e-16,71.4,0.0,cm,1,70,[],141,215,+,..,1.0,0.56,False,DONV_JQ086551.1,all_dISFVG.DB,"                      v      v                                             
(((((<<<<<-<<<.<<<<<<<<._____>>>>>>>>-..>>>-.>>>>>,,,,,,<<<<______>>>>)))))
GGgGGCCacaugcg.ucccccua.AgCuguagggggac..cgcA.uguGGACUAGcGGUuAGAGGAgACCCCcCC
GGGGGCCA:AUG:: U::C:C:  AGC++ :G:G::AC  ::CA U:UGGACUA CGGU:AGAGGA:ACCCCCCC
GGGGGCCAGAUGUCaUGUCUCUCaAGCCUAGGAGACACuaGACAcUCUGGACUAUCGGUUAGAGGAAACCCCCCC
***************************************************************************",all_dISFVG.DB:DONV_JQ086551.1:1,0
2,True,5.2e-16,71.4,0.0,cm,1,70,[],141,215,+,..,1.0,0.56,False,DONV_NC_016997.1,all_dISFVG.DB,"                      v      v                                             
(((((<<<<<-<<<.<<<<<<<<._____>>>>>>>>-..>>>-.>>>>>,,,,,,<<<<______>>>>)))))
GGgGGCCacaugcg.ucccccua.AgCuguagggggac..cgcA.uguGGACUAGcGGUuAGAGGAgACCCCcCC
GGGGGCCA:AUG:: U::C:C:  AGC++ :G:G::AC  ::CA U:UGGACUA CGGU:AGAGGA:ACCCCCCC
GGGGGCCAGAUGUCaUGUCUCUCaAGCCUAGGAGACACuaGACAcUCUGGACUAUCGGUUAGAGGAAACCCCCCC
***************************************************************************",all_dISFVG.DB:DONV_NC_016997.1:2,0
3,True,6.6e-16,71.0,0.0,cm,1,70,[],171,245,+,..,0.99,0.56,False,MMV_MF139576.1,all_dISFVG.DB,"             v                          v                                  
(((((<<<<<-<<<.<<<<<<<<._____>>>>>>>>-..>>>-.>>>>>,,,,,,<<<<______>>>>)))))
GGgGGCCacaugcg.ucccccua.AgCuguagggggac..cgcA.uguGGACUAGcGGUuAGAGGAgACCCCcCC
GGGGGCCA:AUG:  U:C::C:: A C++::G::G:A    :CA U:UGGACUA CGGU:AGAGGA:ACCCCCCC
GGGGGCCAGAUGGAcUGCUUCUUcAACCUAGGAAGCAAacACCAcUCUGGACUAUCGGUUAGAGGAAACCCCCCC
****************************************9**********************************",all_dISFVG.DB:MMV_MF139576.1:3,0
4,True,3.7e-15,67.9,0.0,cm,1,70,[],131,200,+,..,0.99,0.64,False,CHAOV_JQ308185.1,all_dISFVG.DB,"             vv                   v   v                                 
(((((<<<<<-<<<<<<<<<<<_____>>>>>>>>-..>>>->>>>>,,,,,,<<<<______>>>>)))))
GGgGGCCacaugcgucccccuaAgCuguagggggac..cgcAuguGGACUAGcGGUuAGAGGAgACCCCcCC
GGGGG:CACAUGC  CC: :::  C+G::: :GG C   GCAUGUG:ACUAGCGGUUAGAGGAGACCCCCCC
GGGGGACACAUGCACCCA-GCAGCCCGAGC-UGGACaaGGCAUGUGUACUAGCGGUUAGAGGAGACCCCCCC
******************.***********.****9**8*********************************",all_dISFVG.DB:CHAOV_JQ308185.1:4,0
5,True,3.7e-15,67.9,0.0,cm,1,70,[],131,200,+,..,0.99,0.64,False,CHAOV_NC_017086.1,all_dISFVG.DB,"             vv                   v   v                                 
(((((<<<<<-<<<<<<<<<<<_____>>>>>>>>-..>>>->>>>>,,,,,,<<<<______>>>>)))))
GGgGGCCacaugcgucccccuaAgCuguagggggac..cgcAuguGGACUAGcGGUuAGAGGAgACCCCcCC
GGGGG:CACAUGC  CC: :::  C+G::: :GG C   GCAUGUG:ACUAGCGGUUAGAGGAGACCCCCCC
GGGGGACACAUGCACCCA-GCAGCCCGAGC-UGGACaaGGCAUGUGUACUAGCGGUUAGAGGAGACCCCCCC
******************.***********.****9**8*********************************",all_dISFVG.DB:CHAOV_NC_017086.1:5,0
6,True,5.7e-15,67.1,0.0,cm,1,70,[],250,317,+,..,0.99,0.49,False,NHUV_NC_024017.1,all_dISFVG.DB,"                    v       v                                         
(((((<<<<<-<<<<<<<<<<<_____>>>>>>>>->>>->>>>>,,,,,,<<<<______>>>>)))))
GGgGGCCacaugcgucccccuaAgCuguagggggaccgcAuguGGACUAGcGGUuAGAGGAgACCCCcCC
:G:GGC:A:: :::U::: : AAGCU U : :::AC::: ::U:GACUAG+GGUUAGAGGAGACCCC:C:
AGUGGCUAGCGAAAUUGG-UGAAGCUAUAA-CCAACUUUGGCUGGACUAGUGGUUAGAGGAGACCCCACU
******************.***********.***************************************",all_dISFVG.DB:NHUV_NC_024017.1:6,0
7,True,2.9e-14,64.1,0.0,cm,1,70,[],131,200,+,..,0.98,0.6,False,LAMV_FJ606789.2,all_dISFVG.DB,"              v                   v                                     
(((((<<<<<-<<<<<<<<<<<_____>>>>>>>>-..>>>->>>>>,,,,,,<<<<______>>>>)))))
GGgGGCCacaugcgucccccuaAgCuguagggggac..cgcAuguGGACUAGcGGUuAGAGGAgACCCCcCC
G:GGG:CA:: ::G CC: :::  C+G::: :GG C  C:: ::UG:ACUAGCGGUUAGAGGAGACCCCC:C
GAGGGACAUGCAAGCCCA-GGAGCCCGACC-UGGACuaCUUGCAUGUACUAGCGGUUAGAGGAGACCCCCUC
**********99999999.***********.999999*9999******************************",all_dISFVG.DB:LAMV_FJ606789.2:7,0
8,True,5.1e-14,63.1,0.0,cm,1,70,[],200,266,+,..,0.97,0.52,False,NANV_MF139575.1,all_dISFVG.DB,"        vv       vvv          vvv        vv                            
(((((<<<<<-<<<<<<<<<<<._____>>>>>>>>->>>->>>>>,,,,,,<<<<______>>>>)))))
GGgGGCCacaugcgucccccua.AgCuguagggggaccgcAuguGGACUAGcGGUuAGAGGAgACCCCcCC
G:GGGCC:   :::U:C   UA AGCUGUA+G+G:A :::A  :GGACUAG+GGUUAGAGGAGACCCCC:C
GAGGGCCUGGACAAUGC---UAaAGCUGUAAGCGCA-UUGAAAAGGACUAGAGGUUAGAGGAGACCCCCUC
****************9...666********99999.9*********************************",all_dISFVG.DB:NANV_MF139575.1:8,0
9,True,5.1e-14,63.1,0.0,cm,1,70,[],200,266,+,..,0.97,0.52,False,NANV_NC_040610.1,all_dISFVG.DB,"        vv       vvv          vvv        vv                            
(((((<<<<<-<<<<<<<<<<<._____>>>>>>>>->>>->>>>>,,,,,,<<<<______>>>>)))))
GGgGGCCacaugcgucccccua.AgCuguagggggaccgcAuguGGACUAGcGGUuAGAGGAgACCCCcCC
G:GGGCC:   :::U:C   UA AGCUGUA+G+G:A :::A  :GGACUAG+GGUUAGAGGAGACCCCC:C
GAGGGCCUGGACAAUGC---UAaAGCUGUAAGCGCA-UUGAAAAGGACUAGAGGUUAGAGGAGACCCCCUC
****************9...666********99999.9*********************************",all_dISFVG.DB:NANV_NC_040610.1:9,0
10,True,1.8e-11,52.5,0.0,cm,1,67,[~,262,325,+,.~,0.99,0.53,3',BJV_KC496020.1,all_dISFVG.DB,"???v          v                   v                                v     
(((((<<<<<-<<<<<<<<<<<_____>>>>>>>>->>>-.>>>>>,,,,,,<<<<______>>>>))~~~~~
GGgGGCCacaugcgucccccuaAgCuguagggggaccgcA.uguGGACUAGcGGUuAGAGGAgACCCC*[3]>
GG  GCC:CA :C  C::C:UAAGCUGUA:G::G   G:A UG:GGACUAG+GGUUAGAGGAGACCC      
GGAGGCCUCA-CC-GCAUCUUAAGCUGUAAGAUGA--GGAuUGGGGACUAGAGGUUAGAGGAGACCCA*[0]>
**9*******.**.*********************..**9***************************9.....",all_dISFVG.DB:BJV_KC496020.1:10,0
11,True,1.8e-11,52.5,0.0,cm,1,67,[~,262,325,+,.~,0.99,0.53,3',BJV_EU078325.1,all_dISFVG.DB,"???v          v                   v                                v     
(((((<<<<<-<<<<<<<<<<<_____>>>>>>>>->>>-.>>>>>,,,,,,<<<<______>>>>))~~~~~
GGgGGCCacaugcgucccccuaAgCuguagggggaccgcA.uguGGACUAGcGGUuAGAGGAgACCCC*[3]>
GG  GCC:CA :C  C::C:UAAGCUGUA:G::G   G:A UG:GGACUAG+GGUUAGAGGAGACCC      
GGAGGCCUCA-CC-GCAUCUUAAGCUGUAAGAUGA--GGAuUGGGGACUAGAGGUUAGAGGAGACCCA*[0]>
**9*******.**.*********************..**9***************************9.....",all_dISFVG.DB:BJV_EU078325.1:11,0
12,True,5.3e-09,42.3,0.0,cm,1,57,[~,282,335,+,.~,0.99,0.52,3',BJV_MG214905.1,all_dISFVG.DB,"?????         v                   v                 ????        
(((((<<<<<-<<<<<<<<<<<_____>>>>>>>>->>>-.>>>>>,,,,,,<<<<__~~~~~~
GGgGGCCacaugcgucccccuaAgCuguagggggaccgcA.uguGGACUAGcGGUuAG*[13]>
GG GGCC:CA :C  C::C:UAAGCUGUA:G::G   G:A UG:GGACUAG+GGUUAG      
GGAGGCCUCA-CC-GCAUCUUAAGCUGUAAGAUGA--GGAuUGGGGACUAGAGGUUAG*[ 0]>
**********.**.*********************..**9******************......",all_dISFVG.DB:BJV_MG214905.1:12,0
13,True,5.3e-09,42.3,0.0,cm,1,57,[~,282,335,+,.~,0.99,0.52,3',BJV_MG214906.1,all_dISFVG.DB,"?????         v                   v                 ????        
(((((<<<<<-<<<<<<<<<<<_____>>>>>>>>->>>-.>>>>>,,,,,,<<<<__~~~~~~
GGgGGCCacaugcgucccccuaAgCuguagggggaccgcA.uguGGACUAGcGGUuAG*[13]>
GG GGCC:CA :C  C::C:UAAGCUGUA:G::G   G:A UG:GGACUAG+GGUUAG      
GGAGGCCUCA-CC-GCAUCUUAAGCUGUAAGAUGA--GGAuUGGGGACUAGAGGUUAG*[ 0]>
**********.**.*********************..**9******************......",all_dISFVG.DB:BJV_MG214906.1:13,0
14,True,1.1e-07,36.8,0.0,cm,1,66,[~,289,347,+,.~,0.87,0.53,3',NOUV_NC_033715.1,all_dISFVG.DB,"????   vv           v       v              vv                            
(((((<<<<<-<<<<<<<<<<<_____>>>.>>>>>->>>-.>>>>>,,,,,,<<<<______>>>>)~~~~~
GGgGGCCacaugcgucccccuaAgCuguag.ggggaccgcA.uguGGACUAGcGGUuAGAGGAgACCC*[4]>
    GCC  :    ::C:C: AAGCU U : G:G::      :  GGACUAG+GGUUAGAGGAGACCC     
AAAAGCCCAU----CGCACUGAAGCUAUAAgGUGCG-----gGAAGGACUAGAGGUUAGAGGAGACCC*[0]>
**88******....7777899*88887665167777.....6**************************.....",all_dISFVG.DB:NOUV_NC_033715.1:14,0
15,True,1.1e-07,36.8,0.0,cm,1,66,[~,288,346,+,.~,0.87,0.53,3',NOUV_FJ711167.1,all_dISFVG.DB,"????   vv           v       v              vv                            
(((((<<<<<-<<<<<<<<<<<_____>>>.>>>>>->>>-.>>>>>,,,,,,<<<<______>>>>)~~~~~
GGgGGCCacaugcgucccccuaAgCuguag.ggggaccgcA.uguGGACUAGcGGUuAGAGGAgACCC*[4]>
    GCC  :    ::C:C: AAGCU U : G:G::      :  GGACUAG+GGUUAGAGGAGACCC     
AAAAGCCCAU----CGCACUGAAGCUAUAAgGUGCG-----gGAAGGACUAGAGGUUAGAGGAGACCC*[0]>
**88******....7777899*88887665167777.....6**************************.....",all_dISFVG.DB:NOUV_FJ711167.1:15,0
16,True,1.1e-07,36.8,0.0,cm,1,66,[~,289,347,+,.~,0.87,0.53,3',NOUV_EU159426.2,all_dISFVG.DB,"????   vv           v       v              vv                            
(((((<<<<<-<<<<<<<<<<<_____>>>.>>>>>->>>-.>>>>>,,,,,,<<<<______>>>>)~~~~~
GGgGGCCacaugcgucccccuaAgCuguag.ggggaccgcA.uguGGACUAGcGGUuAGAGGAgACCC*[4]>
    GCC  :    ::C:C: AAGCU U : G:G::      :  GGACUAG+GGUUAGAGGAGACCC     
AAAAGCCCAU----CGCACUGAAGCUAUAAgGUGCG-----gGAAGGACUAGAGGUUAGAGGAGACCC*[0]>
**88******....7777899*88887665167777.....6**************************.....",all_dISFVG.DB:NOUV_EU159426.2:16,0
1,True,4.1e-19,87.6,0.0,cm,1,101,[],227,323,+,..,0.99,0.48,False,LAMV_FJ606789.2,all_dISFVG.3SL,"                                     v                                         v                     
<<<<_______>>>>---<<<<-<<<<-<<<<<-<<-<<<<<<<<<<-<<<<_______>>>>------->>>>>>>>>>--->>->>>>>->>>>->>>>
CcGGGAAuAGACCgGAGauacgcucuguuUcuucacCacccAcccgcacGGCACAGaaCGCCgaaAgaAugcgggUggguuauguuaagAaAcagaacgua
::GGGAA AGACC::AG+UAC:C::UG+UU:::C:CC CC:A:C::CACGGCACAG ACGCCGAAA AA G::G:U:GG    G:U:::AAACA::A:GUA
UUGGGAA-AGACCAGAGGUACUCGUUGAUUCACCGCCACCAAACUACACGGCACAGCACGCCGAAA-AAGGUAGUUUGGAG--GUUGUAAAACAGCAAGUA
*****77.*******************************************************998.99***********9..******************",all_dISFVG.3SL:LAMV_FJ606789.2:1,1
2,True,6.9e-19,86.6,0.0,cm,1,101,[],345,448,+,..,1.0,0.39,False,NHUV_NC_024017.1,all_dISFVG.3SL,"                                                   v             v                                      
<<<<_______>>>>---<<<<-<<<<-<<<<<-<<..-<<<<<<<<<<-.<<<<_______>>>>------->>>>>>>>>>--->>->>>>>->>>>->>>>
CcGGGAAuAGACCgGAGauacgcucuguuUcuucac..CacccAcccgca.cGGCACAGaaCGCCgaaAgaAugcgggUggguuauguuaagAaAcagaacgua
::GGGAA AGACC::AGAUA:G+U U: UU::UCA:  C: :CA:C:GC   GGCACAGA+CGCC +AAGA +GC:G:UG: :UA :UUA::AAA:A AAC:UA
UUGGGAAGAGACCAGAGAUAUGAUGUUGUUUGUCAAugCUGACAACAGCCaUGGCACAGAGCGCCUGAAGAGAGCUGUUGUUAUAAUUUACAAAAAAUAACAUA
**************************************************9*****************************************************",all_dISFVG.3SL:NHUV_NC_024017.1:2,1
3,True,3.6e-18,83.5,0.0,cm,1,101,[],227,323,+,..,0.99,0.52,False,CHAOV_JQ308185.1,all_dISFVG.3SL,"                        v            v                                         v              v      
<<<<_______>>>>---<<<<-<<<<-<<<<<-<<-<<<<<<<<<<-<<<<_______>>>>------->>>>>>>>>>--->>->>>>>->>>>->>>>
CcGGGAAuAGACCgGAGauacgcucuguuUcuucacCacccAcccgcacGGCACAGaaCGCCgaaAgaAugcgggUggguuauguuaagAaAcagaacgua
::GGGAA AGACC::AG+UAC:C: UG+UU:::C:CC CC:::C::CACGGCACAG +CGCCG+AA AA G::G:::GG    G:U:::AAACA :A:GUA
UUGGGAA-AGACCAGAGGUACUCGCUGAUUCACCGCCACCAGACUACACGGCACAGCGCGCCGGAA-AAGGUAGUUUGGAG--GUUGUAAAACAACAAGUA
*****77.*******************************************************999.999**********9..******************",all_dISFVG.3SL:CHAOV_JQ308185.1:3,1
4,True,3.6e-18,83.5,0.0,cm,1,101,[],227,323,+,..,0.99,0.52,False,CHAOV_NC_017086.1,all_dISFVG.3SL,"                        v            v                                         v              v      
<<<<_______>>>>---<<<<-<<<<-<<<<<-<<-<<<<<<<<<<-<<<<_______>>>>------->>>>>>>>>>--->>->>>>>->>>>->>>>
CcGGGAAuAGACCgGAGauacgcucuguuUcuucacCacccAcccgcacGGCACAGaaCGCCgaaAgaAugcgggUggguuauguuaagAaAcagaacgua
::GGGAA AGACC::AG+UAC:C: UG+UU:::C:CC CC:::C::CACGGCACAG +CGCCG+AA AA G::G:::GG    G:U:::AAACA :A:GUA
UUGGGAA-AGACCAGAGGUACUCGCUGAUUCACCGCCACCAGACUACACGGCACAGCGCGCCGGAA-AAGGUAGUUUGGAG--GUUGUAAAACAACAAGUA
*****77.*******************************************************999.999**********9..******************",all_dISFVG.3SL:CHAOV_NC_017086.1:4,1
5,True,4.9e-18,82.9,0.0,cm,1,101,[],214,313,+,..,0.99,0.47,False,EPEV_NC_027999.1,all_dISFVG.3SL," v           v         v                                                                         v     
<<<<_______>>>>---<<<<-<<<<-<<<<<-<<..-<<<<<<<<<<-<<<<_______>>>>------->>>>>>>>>>--->>->>>>>->>>>->>>>
CcGGGAAuAGACCgGAGauacgcucuguuUcuucac..CacccAcccgcacGGCACAGaaCGCCgaaAgaAugcgggUggguuauguuaagAaAcagaacgua
C GGGAA+AGACC GAGA:AC:  :UG UU::UC:C  CA:CCACC::: :GGCACAG A+GCC:+AA+ A :::GGUGG:U AUG: A::AAACA:  :GU:
CAGGGAAAAGACCGGAGAAACUUCUUGCUUACUCGCagCAACCACCGAA-AGGCACAGUAUGCCUGAAACA-UUCGGUGGUUGAUGU-AGUAAACAACCAGUU
************************************************9.*********************.8*************9.***************",all_dISFVG.3SL:EPEV_NC_027999.1:5,1
6,True,4.9e-18,82.9,0.0,cm,1,101,[],214,313,+,..,0.99,0.47,False,EPEV_KJ152564.1,all_dISFVG.3SL," v           v         v                                                                         v     
<<<<_______>>>>---<<<<-<<<<-<<<<<-<<..-<<<<<<<<<<-<<<<_______>>>>------->>>>>>>>>>--->>->>>>>->>>>->>>>
CcGGGAAuAGACCgGAGauacgcucuguuUcuucac..CacccAcccgcacGGCACAGaaCGCCgaaAgaAugcgggUggguuauguuaagAaAcagaacgua
C GGGAA+AGACC GAGA:AC:  :UG UU::UC:C  CA:CCACC::: :GGCACAG A+GCC:+AA+ A :::GGUGG:U AUG: A::AAACA:  :GU:
CAGGGAAAAGACCGGAGAAACUUCUUGCUUACUCGCagCAACCACCGAA-AGGCACAGUAUGCCUGAAACA-UUCGGUGGUUGAUGU-AGUAAACAACCAGUU
************************************************9.*********************.8*************9.***************",all_dISFVG.3SL:EPEV_KJ152564.1:6,1
7,True,1.3e-17,81.1,0.0,cm,1,101,[],244,341,+,..,0.99,0.41,False,DONV_JQ086551.1,all_dISFVG.3SL,"                        v         v           v                        v             v         v      
<<<<_______>>>>---<<<<-<<<<-<<<<<-<<-<<<<<<<<<<-.<<<<_______>>>>------->>>>>>>>>>--->>->>>>>->>>>->>>>
CcGGGAAuAGACCgGAGauacgcucuguuUcuucacCacccAcccgca.cGGCACAGaaCGCCgaaAgaAugcgggUggguuauguuaagAaAcagaacgua
C::GGAA AGAC::GA +::::CU UG UU:UUC :CAC::AC:C: A :GGCACAGA+CGCC:+AAGAA+ :G:GU::GU+  :  AA:AAACA AA::::
CUAGGAA-AGACUGGA-GAUACCUUUGGUUCUUCGACACUAACUCCUAaUGGCACAGAGCGCCAUAAGAAACGGAGUUAGUA--UGGAAAAAACAUAAGUAU
*****77.********.8****************************************************************..******************",all_dISFVG.3SL:DONV_JQ086551.1:7,1
8,True,1.3e-17,81.1,0.0,cm,1,101,[],244,341,+,..,0.99,0.41,False,DONV_NC_016997.1,all_dISFVG.3SL,"                        v         v           v                        v             v         v      
<<<<_______>>>>---<<<<-<<<<-<<<<<-<<-<<<<<<<<<<-.<<<<_______>>>>------->>>>>>>>>>--->>->>>>>->>>>->>>>
CcGGGAAuAGACCgGAGauacgcucuguuUcuucacCacccAcccgca.cGGCACAGaaCGCCgaaAgaAugcgggUggguuauguuaagAaAcagaacgua
C::GGAA AGAC::GA +::::CU UG UU:UUC :CAC::AC:C: A :GGCACAGA+CGCC:+AAGAA+ :G:GU::GU+  :  AA:AAACA AA::::
CUAGGAA-AGACUGGA-GAUACCUUUGGUUCUUCGACACUAACUCCUAaUGGCACAGAGCGCCAUAAGAAACGGAGUUAGUA--UGGAAAAAACAUAAGUAU
*****77.********.8****************************************************************..******************",all_dISFVG.3SL:DONV_NC_016997.1:8,1
9,True,6.8e-17,78.0,0.0,cm,1,101,[],274,371,+,..,0.99,0.43,False,MMV_MF139576.1,all_dISFVG.3SL,"                        v         v           v                        v             v         v      
<<<<_______>>>>---<<<<-<<<<-<<<<<-<<-<<<<<<<<<<-.<<<<_______>>>>------->>>>>>>>>>--->>->>>>>->>>>->>>>
CcGGGAAuAGACCgGAGauacgcucuguuUcuucacCacccAcccgca.cGGCACAGaaCGCCgaaAgaAugcgggUggguuauguuaagAaAcagaacgua
C::GGAA AGAC::GA +::::CU UG UU:UUC :CA:::AC:C: A CGGCACAGA+CGCCG+  GAA+ :G:GU:::U+  :  AA:AAACA AA::::
CUAGGAA-AGACUGGA-GAUACCUUUGGUUCUUCGACAUUAACUCCAAuCGGCACAGAGCGCCGUGGGAAACGGAGUUAAUA--UGGAAAAAACAUAAGUAU
*****77.********.8****************************************************************..******************",all_dISFVG.3SL:MMV_MF139576.1:9,1
10,True,5.5e-14,65.5,0.0,cm,1,101,[],294,393,+,..,0.99,0.42,False,NANV_MF139575.1,all_dISFVG.3SL," v           v    v     v v     v v                                                   v v     v v     v
<<<<_______>>>>---<<<<-<<<<-<<<<<-<<..-<<<<<<<<<<-<<<<_______>>>>------->>>>>>>>>>--->>->>>>>->>>>->>>>
CcGGGAAuAGACCgGAGauacgcucuguuUcuucac..CacccAcccgcacGGCACAGaaCGCCgaaAgaAugcgggUggguuauguuaagAaAcagaacgua
C GGG AUAGACC GAGA A::C: : U:UCU   C   A::CA:C::C ::GCACAGA+CGC::  AGAA G::G:UG::U  UG   AGA:A : : ::U 
CAGGG-AUAGACCGGAGAAAUACACAAUUUCUGGGCacUAAACAACUAC-AAGCACAGAGCGCUUCGAGAA-GUAGUUGUUUCUUGACGAGAGAAUAUGUAUA
*****.99*****************************9***********.******************999.*******************************",all_dISFVG.3SL:NANV_MF139575.1:10,1
11,True,5.5e-14,65.5,0.0,cm,1,101,[],294,393,+,..,0.99,0.42,False,NANV_NC_040610.1,all_dISFVG.3SL," v           v    v     v v     v v                                                   v v     v v     v
<<<<_______>>>>---<<<<-<<<<-<<<<<-<<..-<<<<<<<<<<-<<<<_______>>>>------->>>>>>>>>>--->>->>>>>->>>>->>>>
CcGGGAAuAGACCgGAGauacgcucuguuUcuucac..CacccAcccgcacGGCACAGaaCGCCgaaAgaAugcgggUggguuauguuaagAaAcagaacgua
C GGG AUAGACC GAGA A::C: : U:UCU   C   A::CA:C::C ::GCACAGA+CGC::  AGAA G::G:UG::U  UG   AGA:A : : ::U 
CAGGG-AUAGACCGGAGAAAUACACAAUUUCUGGGCacUAAACAACUAC-AAGCACAGAGCGCUUCGAGAA-GUAGUUGUUUCUUGACGAGAGAAUAUGUAUA
*****.99*****************************9***********.******************999.*******************************",all_dISFVG.3SL:NANV_NC_040610.1:11,1
12,True,0.00041,23.0,0.0,cm,16,101,~],232,316,-,~.,0.76,0.45,5',EPEV_NC_027999.1,all_dISFVG.3SL,"             v          vv             v  v       v  v                    vv          v     
~~~~~---<<<<-<<<<-<<<<<-<<.-<<<<<<<<<<-<<<<_______>>>>------->>>>>>>>>>--->>->>>>>->>>>->>>>
<[4]*AGauacgcucuguuUcuucac.CacccAcccgcacGGCACAGaaCGCCgaaAgaAugcgggUggguuauguuaagAaAcagaacgua
     AGA:AC:  :UGUUU::U    CA:CCACC:::+ G   CAG     C++     U:::GGUGG:U  U   A::AA CA: A:GU:
<[0]*AGAAACUGGUUGUUUACUACAuCAACCACCGAAU-GUUUCAGGCAUACUGUGCC-UUUCGGUGGUUGCUGCGAGUAAGCAAGAAGUU
.....******************6555888888888884.4455555544444444433.47888888888877778***************",all_dISFVG.3SL:EPEV_NC_027999.1:12,1
13,True,0.00041,23.0,0.0,cm,16,101,~],232,316,-,~.,0.76,0.45,5',EPEV_KJ152564.1,all_dISFVG.3SL,"             v          vv             v  v       v  v                    vv          v     
~~~~~---<<<<-<<<<-<<<<<-<<.-<<<<<<<<<<-<<<<_______>>>>------->>>>>>>>>>--->>->>>>>->>>>->>>>
<[4]*AGauacgcucuguuUcuucac.CacccAcccgcacGGCACAGaaCGCCgaaAgaAugcgggUggguuauguuaagAaAcagaacgua
     AGA:AC:  :UGUUU::U    CA:CCACC:::+ G   CAG     C++     U:::GGUGG:U  U   A::AA CA: A:GU:
<[0]*AGAAACUGGUUGUUUACUACAuCAACCACCGAAU-GUUUCAGGCAUACUGUGCC-UUUCGGUGGUUGCUGCGAGUAAGCAAGAAGUU
.....******************6555888888888884.4455555544444444433.47888888888877778***************",all_dISFVG.3SL:EPEV_KJ152564.1:13,1
14,True,0.0063,17.9,0.0,cm,16,101,~],244,326,-,~.,0.94,0.51,5',CHAOV_JQ308185.1,all_dISFVG.3SL,"                        v  v   v                  v   v    v                
~~~~~---<<<<-<<<<-<<<<<-<<-<<<<<<<<<<-~~~~~~->>>>>>>>>>--->>->>>>>->>>>->>>>
<[4]*AGauacgcucuguuUcuucacCacccAcccgca*[21]*ugcgggUggguuauguuaagAaAcagaacgua
     AGAUAC: ::UGUUU ::  CC CC: :C::C       UG::G: :GG    G  :: AA CA:: :GUA
<[0]*AGAUACUUGUUGUUUUACAACCUCCAAACUACC*[20]*UGUAGUCUGGUG--GCGGUGAAUCAGCGAGUA
.....*******************************96...9..59*******999..99****************",all_dISFVG.3SL:CHAOV_JQ308185.1:14,1
15,True,0.0063,17.9,0.0,cm,16,101,~],244,326,-,~.,0.94,0.51,5',CHAOV_NC_017086.1,all_dISFVG.3SL,"                        v  v   v                  v   v    v                
~~~~~---<<<<-<<<<-<<<<<-<<-<<<<<<<<<<-~~~~~~->>>>>>>>>>--->>->>>>>->>>>->>>>
<[4]*AGauacgcucuguuUcuucacCacccAcccgca*[21]*ugcgggUggguuauguuaagAaAcagaacgua
     AGAUAC: ::UGUUU ::  CC CC: :C::C       UG::G: :GG    G  :: AA CA:: :GUA
<[0]*AGAUACUUGUUGUUUUACAACCUCCAAACUACC*[20]*UGUAGUCUGGUG--GCGGUGAAUCAGCGAGUA
.....*******************************96...9..59*******999..99****************",all_dISFVG.3SL:CHAOV_NC_017086.1:15,1
